return_id,transaction_id,sku_id,return_reason,refund_amount
R0000001,T0011229,SKU00074,size_issue,2900.63
R0000002,T0007967,SKU00096,size_issue,2093.93
R0000003,T0000784,SKU00132,defective,3974.72
R0000004,T0004986,SKU00064,size_issue,1790.62
R0000005,T0006832,SKU00071,size_issue,5899.05
R0000006,T0005157,SKU00035,size_issue,2112.34
R0000007,T0004677,SKU00167,size_issue,2088.01
R0000008,T0014779,SKU00140,size_issue,1463.94
R0000009,T0000885,SKU00022,defective,3495.14
R0000010,T0009534,SKU00149,compatibility_issue,18625.75
R0000011,T0009320,SKU00035,size_issue,2294.33
R0000012,T0009691,SKU00095,size_issue,4870.3
R0000013,T0006664,SKU00110,not_as_described,24595.19
R0000014,T0003594,SKU00141,size_issue,2513.81
R0000015,T0015221,SKU00171,changed_mind,4177.71
R0000016,T0014605,SKU00082,size_issue,1759.52
R0000017,T0006623,SKU00161,not_as_described,7274.2
R0000018,T0003247,SKU00096,size_issue,2173.54
R0000019,T0010582,SKU00063,compatibility_issue,2900.85
R0000020,T0010053,SKU00081,changed_mind,2804.16
R0000021,T0010130,SKU00008,size_issue,1277.77
R0000022,T0002487,SKU00032,compatibility_issue,8638.97
R0000023,T0002487,SKU00111,compatibility_issue,11515.88
R0000024,T0000755,SKU00118,size_issue,5293.99
R0000025,T0006150,SKU00085,size_issue,17263.72
R0000026,T0012436,SKU00054,size_issue,11585.4
R0000027,T0000049,SKU00007,delivery_issue,2336.81
R0000028,T0011355,SKU00056,not_as_described,1643.36
R0000029,T0014617,SKU00092,not_as_described,3906.12
R0000030,T0012954,SKU00074,size_issue,2588.99
R0000031,T0015939,SKU00033,size_issue,1531.16
R0000032,T0002677,SKU00116,compatibility_issue,7363.46
R0000033,T0005885,SKU00154,changed_mind,4336.4
R0000034,T0014006,SKU00098,size_issue,9020.79
R0000035,T0014744,SKU00007,defective,2282.15
R0000036,T0011584,SKU00116,changed_mind,7297.87
R0000037,T0009856,SKU00035,not_as_described,2099.77
R0000038,T0010893,SKU00119,not_as_described,3936.26
R0000039,T0005518,SKU00137,size_issue,212645.73
R0000040,T0014187,SKU00149,not_as_described,23760.94
R0000041,T0005372,SKU00106,changed_mind,4057.79
R0000042,T0000356,SKU00078,compatibility_issue,13480.12
R0000043,T0000356,SKU00044,size_issue,14413.96
R0000044,T0008340,SKU00033,size_issue,1173.65
R0000045,T0002398,SKU00010,compatibility_issue,9428.53
R0000046,T0014369,SKU00039,changed_mind,2983.18
R0000047,T0000744,SKU00086,size_issue,1496.01
R0000048,T0000744,SKU00096,size_issue,2237.41
R0000049,T0006792,SKU00148,compatibility_issue,6531.39
R0000050,T0015396,SKU00147,not_as_described,79543.32
R0000051,T0006936,SKU00059,compatibility_issue,5516.55
R0000052,T0007378,SKU00109,not_as_described,38899.38
R0000053,T0009726,SKU00159,size_issue,7815.51
R0000054,T0000439,SKU00044,not_as_described,13433.02
R0000055,T0011849,SKU00017,not_as_described,79121.16
R0000056,T0014165,SKU00165,size_issue,2424.37
R0000057,T0006351,SKU00162,quality_issue,25907.23
R0000058,T0015305,SKU00044,size_issue,14144.62
R0000059,T0015112,SKU00059,compatibility_issue,5957.1
R0000060,T0015112,SKU00048,delivery_issue,4018.89
R0000061,T0008540,SKU00105,size_issue,4380.96
R0000062,T0007429,SKU00137,not_as_described,210308.63
R0000063,T0014339,SKU00077,changed_mind,22248.47
R0000064,T0002999,SKU00092,size_issue,3944.06
R0000065,T0014952,SKU00140,size_issue,1515.91
R0000066,T0014785,SKU00035,size_issue,2215.39
R0000067,T0014470,SKU00024,defective,4011.47
R0000068,T0014470,SKU00020,compatibility_issue,16335.61
R0000069,T0002214,SKU00005,size_issue,7310.76
R0000070,T0010478,SKU00047,delivery_issue,2212.33
R0000071,T0003205,SKU00154,not_as_described,4102.84
R0000072,T0002518,SKU00071,size_issue,6581.37
R0000073,T0008845,SKU00068,size_issue,7527.3
R0000074,T0011236,SKU00031,defective,9506.63
R0000075,T0011271,SKU00056,size_issue,1589.77
R0000076,T0015935,SKU00161,defective,6268.08
R0000077,T0009422,SKU00091,size_issue,1194.37
R0000078,T0009233,SKU00087,size_issue,4986.82
R0000079,T0013777,SKU00128,compatibility_issue,3958.18
R0000080,T0010605,SKU00139,not_as_described,18185.16
R0000081,T0001464,SKU00112,size_issue,3703.84
R0000082,T0012490,SKU00043,size_issue,10607.31
R0000083,T0010150,SKU00135,not_as_described,10357.07
R0000084,T0010150,SKU00127,changed_mind,5435.7
R0000085,T0008067,SKU00086,changed_mind,1528.02
R0000086,T0009213,SKU00132,size_issue,3846.92
R0000087,T0015382,SKU00052,compatibility_issue,10009.89
R0000088,T0009641,SKU00009,not_as_described,4346.45
R0000089,T0009641,SKU00031,size_issue,8537.4
R0000090,T0009416,SKU00142,not_as_described,230251.87
R0000091,T0010217,SKU00047,size_issue,2130.46
R0000092,T0012347,SKU00024,defective,3950.27
R0000093,T0003095,SKU00010,compatibility_issue,27272.23
R0000094,T0012590,SKU00162,size_issue,8633.15
R0000095,T0012590,SKU00063,defective,3121.19
R0000096,T0012586,SKU00092,size_issue,3569.49
R0000097,T0004882,SKU00043,compatibility_issue,11085.79
R0000098,T0012790,SKU00012,defective,214549.7
R0000099,T0012790,SKU00111,size_issue,12171.06
R0000100,T0007703,SKU00035,quality_issue,2248.76
R0000101,T0007703,SKU00140,defective,1502.36
R0000102,T0002563,SKU00027,compatibility_issue,3660.31
R0000103,T0008502,SKU00119,size_issue,4495.98
R0000104,T0008777,SKU00069,size_issue,5056.6
R0000105,T0010911,SKU00036,size_issue,1009.34
R0000106,T0001188,SKU00119,size_issue,4629.71
R0000107,T0006425,SKU00033,size_issue,1494.97
R0000108,T0007822,SKU00037,size_issue,3098.49
R0000109,T0004276,SKU00167,not_as_described,1950.52
R0000110,T0001251,SKU00044,compatibility_issue,15397.11
R0000111,T0011879,SKU00059,changed_mind,6649.82
R0000112,T0005845,SKU00022,compatibility_issue,3478.35
R0000113,T0004181,SKU00083,size_issue,1644.22
R0000114,T0010668,SKU00036,size_issue,927.56
R0000115,T0004976,SKU00012,compatibility_issue,200311.73
R0000116,T0014462,SKU00162,compatibility_issue,16363.88
R0000117,T0000070,SKU00115,not_as_described,107085.83
R0000118,T0002400,SKU00077,quality_issue,67445.28
R0000119,T0008882,SKU00023,not_as_described,5079.99
R0000120,T0008628,SKU00034,size_issue,4799.82
R0000121,T0010780,SKU00059,compatibility_issue,6471.04
R0000122,T0014029,SKU00046,compatibility_issue,2489.44
R0000123,T0014029,SKU00036,size_issue,882.33
R0000124,T0012381,SKU00166,size_issue,1346.55
R0000125,T0006841,SKU00124,delivery_issue,38570.27
R0000126,T0003314,SKU00101,delivery_issue,9287.78
R0000127,T0015247,SKU00080,not_as_described,185239.84
R0000128,T0008507,SKU00047,size_issue,2030.2
R0000129,T0001026,SKU00003,size_issue,1403.36
R0000130,T0009069,SKU00097,size_issue,3446.31
R0000131,T0003724,SKU00020,defective,17128.88
R0000132,T0003251,SKU00121,changed_mind,11862.53
R0000133,T0011489,SKU00046,size_issue,2600.01
R0000134,T0015580,SKU00050,quality_issue,6327.78
R0000135,T0015580,SKU00149,defective,25695.19
R0000136,T0003572,SKU00023,defective,4401.96
R0000137,T0006631,SKU00065,size_issue,6784.02
R0000138,T0005501,SKU00085,defective,14647.04
R0000139,T0010194,SKU00112,compatibility_issue,3686.46
R0000140,T0006879,SKU00151,defective,102976.67
R0000141,T0008894,SKU00170,size_issue,3635.36
R0000142,T0002844,SKU00031,size_issue,8946.95
R0000143,T0010257,SKU00042,not_as_described,10658.03
R0000144,T0007145,SKU00096,size_issue,2246.35
R0000145,T0008966,SKU00087,size_issue,5056.27
R0000146,T0001780,SKU00030,size_issue,4776.17
R0000147,T0009292,SKU00121,defective,12303.78
R0000148,T0009292,SKU00025,compatibility_issue,5047.01
R0000149,T0004502,SKU00101,size_issue,10859.17
R0000150,T0008514,SKU00046,size_issue,2596.62
R0000151,T0008252,SKU00139,size_issue,15967.41
R0000152,T0008252,SKU00040,defective,218701.89
R0000153,T0014343,SKU00078,compatibility_issue,14851.47
R0000154,T0013714,SKU00081,size_issue,2754.77
R0000155,T0012502,SKU00064,defective,1631.67
R0000156,T0012502,SKU00029,size_issue,7765.45
R0000157,T0011625,SKU00077,not_as_described,23088.32
R0000158,T0015246,SKU00157,defective,34432.97
R0000159,T0015246,SKU00008,not_as_described,1372.95
R0000160,T0000130,SKU00167,quality_issue,2102.07
R0000161,T0008403,SKU00165,size_issue,2456.34
R0000162,T0014644,SKU00091,defective,1151.64
R0000163,T0005382,SKU00137,quality_issue,195778.56
R0000164,T0004875,SKU00078,size_issue,13500.59
R0000165,T0005532,SKU00155,quality_issue,4575.5
R0000166,T0006876,SKU00064,size_issue,1847.44
R0000167,T0014521,SKU00090,size_issue,3745.08
R0000168,T0004509,SKU00136,not_as_described,5861.38
R0000169,T0004509,SKU00092,size_issue,4452.31
R0000170,T0015634,SKU00076,size_issue,5168.29
R0000171,T0013156,SKU00069,size_issue,5841.51
R0000172,T0015318,SKU00102,compatibility_issue,3351.76
R0000173,T0008814,SKU00071,size_issue,6402.43
R0000174,T0011328,SKU00018,changed_mind,3450.93
R0000175,T0015311,SKU00140,quality_issue,1568.64
R0000176,T0009578,SKU00068,size_issue,7661.97
R0000177,T0008995,SKU00047,size_issue,2077.74
R0000178,T0010141,SKU00091,size_issue,1104.41
R0000179,T0006551,SKU00070,size_issue,2110.54
R0000180,T0011581,SKU00154,defective,4231.06
R0000181,T0006437,SKU00082,defective,1633.57
R0000182,T0014056,SKU00064,size_issue,1746.91
R0000183,T0002345,SKU00031,size_issue,8241.8
R0000184,T0000137,SKU00003,size_issue,1940.53
R0000185,T0000137,SKU00067,defective,122785.63
R0000186,T0000301,SKU00035,not_as_described,2347.47
R0000187,T0000301,SKU00089,not_as_described,8597.31
R0000188,T0012698,SKU00011,compatibility_issue,10514.07
R0000189,T0013172,SKU00087,size_issue,4841.52
R0000190,T0014299,SKU00035,compatibility_issue,2309.23
R0000191,T0011593,SKU00049,defective,10653.09
R0000192,T0003194,SKU00112,size_issue,3785.3
R0000193,T0003902,SKU00113,size_issue,4235.98
R0000194,T0003902,SKU00140,size_issue,1500.76
R0000195,T0015799,SKU00091,delivery_issue,1094.68
R0000196,T0006144,SKU00108,changed_mind,4885.17
R0000197,T0000848,SKU00009,size_issue,4925.1
R0000198,T0009636,SKU00119,size_issue,4685.86
R0000199,T0012695,SKU00004,not_as_described,6415.92
R0000200,T0009046,SKU00113,defective,4241.37
R0000201,T0014124,SKU00106,size_issue,3871.64
R0000202,T0015444,SKU00159,size_issue,7031.89
R0000203,T0011058,SKU00056,size_issue,1620.61
R0000204,T0011058,SKU00024,not_as_described,3989.81
R0000205,T0014892,SKU00116,compatibility_issue,14344.9
R0000206,T0014496,SKU00076,size_issue,5572.55
R0000207,T0003315,SKU00163,not_as_described,9986.91
R0000208,T0010149,SKU00009,compatibility_issue,4764.9
R0000209,T0013875,SKU00081,size_issue,2415.2
R0000210,T0001982,SKU00095,changed_mind,4985.68
R0000211,T0001997,SKU00060,defective,27091.02
R0000212,T0004300,SKU00111,quality_issue,10364.91
R0000213,T0003126,SKU00039,compatibility_issue,3524.45
R0000214,T0015673,SKU00078,delivery_issue,11405.28
R0000215,T0011101,SKU00025,defective,10348.5
R0000216,T0004339,SKU00166,size_issue,1471.27
R0000217,T0013958,SKU00054,compatibility_issue,10877.53
R0000218,T0013958,SKU00064,size_issue,1674.8
R0000219,T0000281,SKU00064,size_issue,1724.19
R0000220,T0000552,SKU00154,compatibility_issue,4680.13
R0000221,T0008016,SKU00071,size_issue,6516.48
R0000222,T0008016,SKU00045,not_as_described,8450.92
R0000223,T0000851,SKU00056,size_issue,1687.62
R0000224,T0009266,SKU00170,size_issue,3409.43
R0000225,T0014989,SKU00076,defective,5627.39
R0000226,T0014989,SKU00019,quality_issue,4297.47
R0000227,T0014989,SKU00101,size_issue,10693.19
R0000228,T0003570,SKU00033,size_issue,1371.18
R0000229,T0001921,SKU00154,not_as_described,7784.55
R0000230,T0005666,SKU00024,not_as_described,3999.5
R0000231,T0004358,SKU00163,defective,9545.11
R0000232,T0004308,SKU00128,quality_issue,6105.92
R0000233,T0004308,SKU00030,not_as_described,4402.62
R0000234,T0006525,SKU00127,delivery_issue,6448.06
R0000235,T0008118,SKU00048,size_issue,4108.73
R0000236,T0012524,SKU00141,size_issue,2296.23
R0000237,T0004534,SKU00098,not_as_described,8898.7
R0000238,T0008077,SKU00137,defective,206646.65
R0000239,T0009527,SKU00061,defective,21308.78
R0000240,T0007283,SKU00009,delivery_issue,4418.32
R0000241,T0005210,SKU00082,size_issue,1637.44
R0000242,T0015518,SKU00113,delivery_issue,4286.64
R0000243,T0002717,SKU00106,size_issue,4212.6
R0000244,T0005118,SKU00023,not_as_described,5128.42
R0000245,T0008863,SKU00128,changed_mind,3880.48
R0000246,T0014623,SKU00113,size_issue,4348.69
R0000247,T0000580,SKU00159,compatibility_issue,6436.32
R0000248,T0009723,SKU00082,size_issue,1658.42
R0000249,T0009100,SKU00090,delivery_issue,3490.24
R0000250,T0010380,SKU00129,compatibility_issue,19364.4
R0000251,T0000059,SKU00162,size_issue,9370.16
R0000252,T0014014,SKU00162,compatibility_issue,17568.49
R0000253,T0005610,SKU00025,not_as_described,4545.54
R0000254,T0003285,SKU00013,delivery_issue,179119.98
R0000255,T0011745,SKU00127,changed_mind,6263.81
R0000256,T0000033,SKU00043,delivery_issue,11040.18
R0000257,T0007655,SKU00097,size_issue,3492.34
R0000258,T0015199,SKU00098,compatibility_issue,8545.07
R0000259,T0000244,SKU00082,size_issue,1517.12
R0000260,T0004900,SKU00140,quality_issue,1475.5
R0000261,T0003430,SKU00022,not_as_described,6772.9
R0000262,T0003430,SKU00108,quality_issue,2404.29
R0000263,T0013889,SKU00059,compatibility_issue,6171.7
R0000264,T0002132,SKU00160,size_issue,9302.68
R0000265,T0015359,SKU00047,delivery_issue,1927.97
R0000266,T0009355,SKU00091,compatibility_issue,1179.15
R0000267,T0011301,SKU00068,size_issue,6934.29
R0000268,T0012228,SKU00059,defective,5799.27
R0000269,T0011512,SKU00095,size_issue,5199.19
R0000270,T0001470,SKU00082,delivery_issue,1702.59
R0000271,T0003652,SKU00025,compatibility_issue,10702.38
R0000272,T0006910,SKU00113,not_as_described,3645.26
R0000273,T0011766,SKU00111,compatibility_issue,11333.89
R0000274,T0010290,SKU00009,size_issue,4891.45
R0000275,T0010290,SKU00087,size_issue,5613.36
R0000276,T0003760,SKU00033,size_issue,1197.22
R0000277,T0007525,SKU00022,size_issue,3676.04
R0000278,T0011268,SKU00110,defective,26857.71
R0000279,T0011268,SKU00096,size_issue,2281.6
R0000280,T0006730,SKU00159,size_issue,7773.2
R0000281,T0008960,SKU00077,not_as_described,44674.68
R0000282,T0011240,SKU00098,delivery_issue,7800.44
R0000283,T0002501,SKU00009,size_issue,4636.38
R0000284,T0009819,SKU00155,delivery_issue,4373.77
R0000285,T0009819,SKU00022,size_issue,3418.95
R0000286,T0013899,SKU00160,size_issue,9112.41
R0000287,T0014773,SKU00049,size_issue,10609.03
R0000288,T0009250,SKU00077,compatibility_issue,22265.21
R0000289,T0009250,SKU00006,not_as_described,9515.53
R0000290,T0009250,SKU00139,quality_issue,17133.36
R0000291,T0014511,SKU00140,changed_mind,1577.21
R0000292,T0012523,SKU00095,changed_mind,4745.57
R0000293,T0009919,SKU00111,compatibility_issue,12195.88
R0000294,T0001222,SKU00048,compatibility_issue,3982.46
R0000295,T0006408,SKU00169,size_issue,5584.86
R0000296,T0005970,SKU00047,size_issue,2037.31
R0000297,T0009479,SKU00018,not_as_described,3152.78
R0000298,T0014685,SKU00141,size_issue,2619.2
R0000299,T0013803,SKU00005,size_issue,7888.29
R0000300,T0002805,SKU00004,changed_mind,6769.2
R0000301,T0002909,SKU00156,quality_issue,250743.66
R0000302,T0015960,SKU00011,changed_mind,11292.38
R0000303,T0004908,SKU00074,size_issue,2907.11
R0000304,T0004908,SKU00151,not_as_described,103917.43
R0000305,T0008599,SKU00074,quality_issue,2885.49
R0000306,T0011466,SKU00029,size_issue,8322.03
R0000307,T0003624,SKU00008,size_issue,1384.8
R0000308,T0008060,SKU00054,size_issue,11788.21
R0000309,T0013862,SKU00001,quality_issue,7074.79
R0000310,T0015657,SKU00011,compatibility_issue,10304.45
R0000311,T0004949,SKU00126,changed_mind,4090.76
R0000312,T0010741,SKU00153,not_as_described,33434.15
R0000313,T0011539,SKU00101,quality_issue,10402.66
R0000314,T0004695,SKU00118,defective,5472.65
R0000315,T0007895,SKU00034,changed_mind,4761.42
R0000316,T0004160,SKU00127,quality_issue,6227.46
R0000317,T0002099,SKU00089,delivery_issue,8262.62
R0000318,T0009159,SKU00151,not_as_described,105060.74
R0000319,T0015106,SKU00014,not_as_described,224316.68
R0000320,T0005285,SKU00129,defective,18262.44
R0000321,T0002073,SKU00039,compatibility_issue,3293.92
R0000322,T0005129,SKU00124,changed_mind,37968.17
R0000323,T0001597,SKU00128,compatibility_issue,7937.81
R0000324,T0001597,SKU00137,not_as_described,217632.45
R0000325,T0001293,SKU00055,size_issue,4260.28
R0000326,T0009898,SKU00109,not_as_described,40281.74
R0000327,T0006384,SKU00119,changed_mind,4709.91
R0000328,T0006917,SKU00078,compatibility_issue,13818.66
R0000329,T0006917,SKU00090,size_issue,3822.24
R0000330,T0004787,SKU00141,size_issue,2784.97
R0000331,T0012941,SKU00166,size_issue,1220.61
R0000332,T0010506,SKU00068,size_issue,7474.65
R0000333,T0001678,SKU00035,size_issue,2238.79
R0000334,T0001678,SKU00092,not_as_described,4294.8
R0000335,T0006759,SKU00136,delivery_issue,5895.78
R0000336,T0014325,SKU00027,not_as_described,3407.37
R0000337,T0014325,SKU00040,quality_issue,211995.6
R0000338,T0009444,SKU00041,changed_mind,195827.28
R0000339,T0013813,SKU00162,defective,9097.99
R0000340,T0002088,SKU00167,not_as_described,1986.91
R0000341,T0003860,SKU00014,not_as_described,213972.66
R0000342,T0003733,SKU00055,compatibility_issue,4326.45
R0000343,T0001715,SKU00109,not_as_described,41541.73
R0000344,T0003646,SKU00169,size_issue,5951.16
R0000345,T0007009,SKU00149,not_as_described,22113.88
R0000346,T0010070,SKU00159,changed_mind,7269.35
R0000347,T0010070,SKU00162,defective,8367.54
R0000348,T0001439,SKU00160,not_as_described,8800.68
R0000349,T0007750,SKU00091,delivery_issue,1149.54
R0000350,T0015687,SKU00121,size_issue,12107.25
R0000351,T0015687,SKU00169,quality_issue,6123.52
R0000352,T0004236,SKU00101,size_issue,10482.76
R0000353,T0001576,SKU00047,size_issue,2162.39
R0000354,T0001576,SKU00012,compatibility_issue,191682.66
R0000355,T0001576,SKU00050,size_issue,6356.09
R0000356,T0012516,SKU00060,defective,30244.15
R0000357,T0003586,SKU00005,size_issue,8007.74
R0000358,T0005873,SKU00073,not_as_described,38678.9
R0000359,T0009265,SKU00078,size_issue,28710.39
R0000360,T0001179,SKU00062,size_issue,2967.59
R0000361,T0005357,SKU00162,delivery_issue,8290.03
R0000362,T0004833,SKU00007,defective,2188.62
R0000363,T0000510,SKU00138,defective,196819.02
R0000364,T0002095,SKU00076,size_issue,5417.77
R0000365,T0002095,SKU00097,not_as_described,2099.16
R0000366,T0001783,SKU00092,size_issue,4089.62
R0000367,T0010935,SKU00016,defective,43176.95
R0000368,T0010935,SKU00069,size_issue,4864.36
R0000369,T0011611,SKU00046,size_issue,2548.59
R0000370,T0006527,SKU00055,not_as_described,4340.37
R0000371,T0005050,SKU00167,delivery_issue,1904.57
R0000372,T0002573,SKU00165,size_issue,2407.04
R0000373,T0010516,SKU00013,defective,201317.19
R0000374,T0003090,SKU00049,size_issue,11214.58
R0000375,T0003090,SKU00148,not_as_described,6543.08
R0000376,T0008495,SKU00087,size_issue,5117.02
R0000377,T0007929,SKU00146,defective,22376.56
R0000378,T0005140,SKU00026,quality_issue,3965.37
R0000379,T0009984,SKU00154,changed_mind,4443.74
R0000380,T0015778,SKU00146,not_as_described,22857.48
R0000381,T0013870,SKU00061,delivery_issue,23573.27
R0000382,T0003818,SKU00031,size_issue,9514.25
R0000383,T0010638,SKU00071,size_issue,6709.07
R0000384,T0011951,SKU00039,changed_mind,3425.12
R0000385,T0004334,SKU00166,size_issue,1395.28
R0000386,T0000539,SKU00155,defective,4063.02
R0000387,T0014197,SKU00063,size_issue,2813.27
R0000388,T0001546,SKU00028,defective,1538.77
R0000389,T0002200,SKU00132,size_issue,3944.39
R0000390,T0001036,SKU00049,defective,11073.85
R0000391,T0002716,SKU00148,not_as_described,6386.16
R0000392,T0011905,SKU00005,delivery_issue,8369.97
R0000393,T0002595,SKU00092,size_issue,4209.38
R0000394,T0013771,SKU00116,size_issue,6917.13
R0000395,T0010378,SKU00118,delivery_issue,5475.87
R0000396,T0012542,SKU00065,size_issue,6876.32
R0000397,T0000001,SKU00078,size_issue,13170.36
R0000398,T0000001,SKU00035,changed_mind,2369.73
R0000399,T0007235,SKU00129,not_as_described,18981.81
R0000400,T0002622,SKU00073,not_as_described,36670.1
R0000401,T0013057,SKU00062,size_issue,2725.65
R0000402,T0004476,SKU00049,defective,9542.3
R0000403,T0002639,SKU00039,compatibility_issue,3605.13
R0000404,T0015179,SKU00167,size_issue,1933.08
R0000405,T0002284,SKU00139,compatibility_issue,15253.79
R0000406,T0014719,SKU00099,size_issue,5760.94
R0000407,T0008002,SKU00092,size_issue,4057.99
R0000408,T0015784,SKU00140,size_issue,1449.94
R0000409,T0008632,SKU00163,defective,10128.11
R0000410,T0014571,SKU00035,size_issue,2161.93
R0000411,T0004363,SKU00097,size_issue,3509.37
R0000412,T0012957,SKU00044,size_issue,13393.01
R0000413,T0012957,SKU00140,size_issue,1542.11
R0000414,T0012957,SKU00035,quality_issue,2266.64
R0000415,T0004775,SKU00010,compatibility_issue,8576.86
R0000416,T0006897,SKU00023,not_as_described,4712.88
R0000417,T0006897,SKU00137,defective,218754.75
R0000418,T0015599,SKU00160,delivery_issue,10065.21
R0000419,T0013204,SKU00035,size_issue,2314.21
R0000420,T0013818,SKU00020,delivery_issue,17002.62
R0000421,T0001396,SKU00077,compatibility_issue,23561.3
R0000422,T0001878,SKU00101,size_issue,10726.0
R0000423,T0008031,SKU00082,quality_issue,1643.79
R0000424,T0013905,SKU00076,delivery_issue,5198.8
R0000425,T0013905,SKU00067,not_as_described,138936.13
R0000426,T0013931,SKU00064,size_issue,1699.88
R0000427,T0007353,SKU00008,size_issue,1343.75
R0000428,T0008795,SKU00171,size_issue,4016.88
R0000429,T0000920,SKU00134,not_as_described,9982.61
R0000430,T0009461,SKU00119,size_issue,4603.76
R0000431,T0011312,SKU00169,size_issue,5235.33
R0000432,T0009374,SKU00105,size_issue,4490.49
R0000433,T0009374,SKU00077,not_as_described,22418.14
R0000434,T0010221,SKU00101,size_issue,10317.31
R0000435,T0006812,SKU00089,compatibility_issue,16266.0
R0000436,T0007996,SKU00085,compatibility_issue,14924.33
R0000437,T0013160,SKU00033,size_issue,1307.21
R0000438,T0015974,SKU00005,not_as_described,7698.35
R0000439,T0010045,SKU00028,quality_issue,1528.32
R0000440,T0010045,SKU00019,delivery_issue,4102.81
R0000441,T0006122,SKU00016,delivery_issue,51050.08
R0000442,T0004333,SKU00083,size_issue,1642.6
R0000443,T0011060,SKU00136,defective,6562.63
R0000444,T0002486,SKU00077,delivery_issue,20763.38
R0000445,T0000347,SKU00032,compatibility_issue,8944.38
R0000446,T0007891,SKU00052,compatibility_issue,9811.54
R0000447,T0005310,SKU00070,size_issue,2187.59
R0000448,T0007744,SKU00115,defective,102841.98
R0000449,T0004798,SKU00155,size_issue,4500.38
R0000450,T0008308,SKU00047,delivery_issue,2130.78
R0000451,T0007363,SKU00086,size_issue,1516.68
R0000452,T0002192,SKU00126,quality_issue,4534.74
R0000453,T0001771,SKU00036,not_as_described,1020.58
R0000454,T0012671,SKU00036,defective,969.61
R0000455,T0007201,SKU00057,delivery_issue,6015.72
R0000456,T0007201,SKU00127,size_issue,6894.01
R0000457,T0002241,SKU00154,defective,4624.83
R0000458,T0007307,SKU00033,size_issue,1434.15
R0000459,T0011255,SKU00160,not_as_described,9239.85
R0000460,T0011255,SKU00046,quality_issue,2512.04
R0000461,T0007534,SKU00114,size_issue,6704.93
R0000462,T0009521,SKU00033,delivery_issue,1373.2
R0000463,T0012970,SKU00120,size_issue,2879.98
R0000464,T0003076,SKU00004,size_issue,7578.99
R0000465,T0008961,SKU00032,size_issue,9100.48
R0000466,T0012015,SKU00036,size_issue,1020.04
R0000467,T0001941,SKU00033,size_issue,1422.77
R0000468,T0001941,SKU00138,not_as_described,185012.69
R0000469,T0013930,SKU00137,defective,201152.83
R0000470,T0009684,SKU00094,defective,159101.55
R0000471,T0009684,SKU00119,quality_issue,3901.69
R0000472,T0005488,SKU00087,defective,5236.64
R0000473,T0010958,SKU00085,compatibility_issue,15035.57
R0000474,T0008441,SKU00035,delivery_issue,2329.41
R0000475,T0002543,SKU00165,size_issue,2446.13
R0000476,T0005380,SKU00110,defective,26516.75
R0000477,T0013152,SKU00139,compatibility_issue,16924.79
R0000478,T0001333,SKU00099,size_issue,5421.18
R0000479,T0005498,SKU00091,size_issue,1062.87
R0000480,T0003718,SKU00029,size_issue,6972.12
R0000481,T0004680,SKU00095,defective,4973.15
R0000482,T0005552,SKU00141,size_issue,2505.61
R0000483,T0003214,SKU00052,compatibility_issue,10795.47
R0000484,T0011099,SKU00148,size_issue,6684.43
R0000485,T0015262,SKU00171,size_issue,4538.7
R0000486,T0003426,SKU00105,size_issue,4171.44
R0000487,T0004904,SKU00102,size_issue,3301.18
R0000488,T0004520,SKU00166,size_issue,1339.02
R0000489,T0006979,SKU00048,size_issue,3954.23
R0000490,T0002572,SKU00172,quality_issue,6637.58
R0000491,T0009015,SKU00082,defective,1696.46
R0000492,T0000057,SKU00145,defective,33697.96
R0000493,T0003256,SKU00096,size_issue,1954.56
R0000494,T0003256,SKU00060,defective,25999.75
R0000495,T0003256,SKU00028,defective,1445.15
R0000496,T0003444,SKU00022,size_issue,3571.32
R0000497,T0008132,SKU00099,delivery_issue,5430.96
R0000498,T0010754,SKU00045,defective,8683.94
R0000499,T0010754,SKU00141,size_issue,2550.73
R0000500,T0010754,SKU00027,compatibility_issue,3615.62
R0000501,T0000488,SKU00144,defective,179620.67
R0000502,T0002358,SKU00159,size_issue,7600.25
R0000503,T0015350,SKU00069,compatibility_issue,5651.38
R0000504,T0006743,SKU00113,size_issue,4181.71
R0000505,T0014593,SKU00129,not_as_described,18168.26
R0000506,T0005240,SKU00051,size_issue,21295.55
R0000507,T0005779,SKU00155,not_as_described,3633.36
R0000508,T0012463,SKU00003,size_issue,2007.93
R0000509,T0006932,SKU00032,size_issue,8544.75
R0000510,T0011460,SKU00134,not_as_described,10048.24
R0000511,T0003410,SKU00050,delivery_issue,6245.12
R0000512,T0003410,SKU00086,size_issue,1680.85
R0000513,T0007702,SKU00052,defective,9271.31
R0000514,T0007702,SKU00069,delivery_issue,5115.71
R0000515,T0012926,SKU00086,size_issue,1562.0
R0000516,T0010912,SKU00149,changed_mind,20478.63
R0000517,T0008036,SKU00167,size_issue,1937.39
R0000518,T0008482,SKU00035,size_issue,2259.1
R0000519,T0001246,SKU00048,size_issue,4181.23
R0000520,T0007581,SKU00091,size_issue,1174.06
R0000521,T0007137,SKU00061,not_as_described,20896.14
R0000522,T0007572,SKU00145,quality_issue,34642.69
R0000523,T0001419,SKU00169,defective,5714.33
R0000524,T0003406,SKU00091,size_issue,1229.97
R0000525,T0014881,SKU00140,size_issue,1475.51
R0000526,T0005004,SKU00016,defective,48672.26
R0000527,T0011295,SKU00155,not_as_described,4391.13
R0000528,T0006770,SKU00057,size_issue,5723.09
R0000529,T0005093,SKU00141,not_as_described,2660.64
R0000530,T0008108,SKU00124,defective,38115.3
R0000531,T0006051,SKU00160,size_issue,9886.87
R0000532,T0007302,SKU00092,size_issue,4075.87
R0000533,T0013158,SKU00054,size_issue,10927.82
R0000534,T0010952,SKU00081,size_issue,2207.7
R0000535,T0003215,SKU00140,size_issue,1563.85
R0000536,T0012946,SKU00082,size_issue,1606.31
R0000537,T0000979,SKU00045,defective,7400.6
R0000538,T0000979,SKU00063,delivery_issue,2754.26
R0000539,T0004135,SKU00106,size_issue,4396.32
R0000540,T0005305,SKU00092,size_issue,4650.01
R0000541,T0000583,SKU00085,defective,14368.18
R0000542,T0000583,SKU00126,defective,4085.62
R0000543,T0000583,SKU00028,delivery_issue,1602.12
R0000544,T0002390,SKU00078,not_as_described,13311.29
R0000545,T0010897,SKU00007,changed_mind,2322.17
R0000546,T0007536,SKU00098,delivery_issue,8655.49
R0000547,T0007536,SKU00085,compatibility_issue,48314.8
R0000548,T0005099,SKU00062,delivery_issue,2897.05
R0000549,T0006977,SKU00047,size_issue,2033.87
R0000550,T0005649,SKU00062,quality_issue,2771.75
R0000551,T0012025,SKU00158,not_as_described,18968.31
R0000552,T0012569,SKU00094,defective,194652.21
R0000553,T0014615,SKU00054,size_issue,10999.2
R0000554,T0005191,SKU00108,not_as_described,5106.01
R0000555,T0011817,SKU00049,size_issue,9778.29
R0000556,T0000666,SKU00137,changed_mind,227840.39
R0000557,T0000096,SKU00078,compatibility_issue,13662.08
R0000558,T0015810,SKU00034,size_issue,4636.07
R0000559,T0005861,SKU00040,defective,208720.87
R0000560,T0001259,SKU00092,changed_mind,4665.26
R0000561,T0010420,SKU00147,defective,79937.96
R0000562,T0008006,SKU00023,not_as_described,5008.53
R0000563,T0013497,SKU00071,size_issue,5849.32
R0000564,T0007599,SKU00029,defective,7990.28
R0000565,T0013094,SKU00076,defective,5608.6
R0000566,T0011931,SKU00078,changed_mind,13234.36
R0000567,T0011931,SKU00024,not_as_described,4193.34
R0000568,T0000764,SKU00136,not_as_described,5848.65
R0000569,T0014423,SKU00025,compatibility_issue,4783.65
R0000570,T0003409,SKU00069,size_issue,5915.48
R0000571,T0003409,SKU00121,defective,11813.7
R0000572,T0012438,SKU00120,compatibility_issue,3034.78
R0000573,T0012438,SKU00026,quality_issue,4315.75
R0000574,T0008238,SKU00112,size_issue,3695.14
R0000575,T0009536,SKU00097,size_issue,3297.87
R0000576,T0007488,SKU00085,not_as_described,13704.27
R0000577,T0008110,SKU00170,size_issue,3324.05
R0000578,T0000801,SKU00151,not_as_described,101310.94
R0000579,T0008664,SKU00061,defective,19649.35
R0000580,T0010060,SKU00051,not_as_described,21103.89
R0000581,T0010562,SKU00063,size_issue,3172.94
R0000582,T0008284,SKU00048,size_issue,4278.54
R0000583,T0011439,SKU00082,size_issue,1621.24
R0000584,T0003403,SKU00017,defective,88181.39
R0000585,T0012440,SKU00029,size_issue,7011.78
R0000586,T0007439,SKU00167,size_issue,1835.6
R0000587,T0001045,SKU00084,size_issue,5406.18
R0000588,T0001045,SKU00045,not_as_described,8823.75
R0000589,T0004735,SKU00042,size_issue,11125.85
R0000590,T0012157,SKU00135,not_as_described,11664.43
R0000591,T0009647,SKU00077,delivery_issue,20544.55
R0000592,T0010439,SKU00172,delivery_issue,6280.18
R0000593,T0015364,SKU00001,size_issue,6019.5
R0000594,T0010350,SKU00030,size_issue,4927.53
R0000595,T0010350,SKU00013,defective,191528.06
R0000596,T0013937,SKU00061,defective,22650.98
R0000597,T0003492,SKU00105,size_issue,4227.52
R0000598,T0003492,SKU00126,compatibility_issue,8866.67
R0000599,T0008138,SKU00031,size_issue,8682.38
R0000600,T0009376,SKU00086,size_issue,1636.69
R0000601,T0008920,SKU00022,compatibility_issue,3847.27
R0000602,T0007682,SKU00098,delivery_issue,8241.48
R0000603,T0008469,SKU00092,size_issue,3994.82
R0000604,T0003172,SKU00062,defective,3099.75
R0000605,T0015783,SKU00085,compatibility_issue,16236.61
R0000606,T0015783,SKU00025,not_as_described,5563.81
R0000607,T0005107,SKU00028,compatibility_issue,1784.21
R0000608,T0007083,SKU00047,size_issue,2092.85
R0000609,T0002092,SKU00030,not_as_described,5285.84
R0000610,T0000912,SKU00059,size_issue,11452.99
R0000611,T0005835,SKU00054,size_issue,9972.28
R0000612,T0012783,SKU00029,compatibility_issue,8170.1
R0000613,T0002318,SKU00143,defective,315648.27
R0000614,T0005060,SKU00035,size_issue,2257.62
R0000615,T0000623,SKU00170,size_issue,3553.2
R0000616,T0011374,SKU00041,defective,182851.29
R0000617,T0000703,SKU00043,quality_issue,10504.31
R0000618,T0002631,SKU00170,not_as_described,3586.18
R0000619,T0011136,SKU00125,not_as_described,36411.99
R0000620,T0012193,SKU00024,defective,3767.34
R0000621,T0004709,SKU00114,compatibility_issue,7456.58
R0000622,T0004940,SKU00022,compatibility_issue,3519.95
R0000623,T0013359,SKU00157,defective,33631.82
R0000624,T0014416,SKU00086,changed_mind,1621.82
R0000625,T0012702,SKU00163,defective,10765.88
R0000626,T0013745,SKU00166,defective,1195.4
R0000627,T0004903,SKU00126,compatibility_issue,4222.35
R0000628,T0002450,SKU00132,size_issue,3534.88
R0000629,T0002985,SKU00065,size_issue,7099.65
R0000630,T0008411,SKU00092,delivery_issue,4208.21
R0000631,T0005153,SKU00087,size_issue,5087.06
R0000632,T0008865,SKU00078,changed_mind,13837.05
R0000633,T0002868,SKU00076,size_issue,5257.19
R0000634,T0004142,SKU00166,size_issue,1272.42
R0000635,T0003459,SKU00099,size_issue,5130.35
R0000636,T0005529,SKU00091,compatibility_issue,1042.21
R0000637,T0001048,SKU00037,not_as_described,2828.4
R0000638,T0008945,SKU00036,changed_mind,1005.84
R0000639,T0007733,SKU00064,size_issue,1872.93
R0000640,T0015665,SKU00001,size_issue,6510.31
R0000641,T0001265,SKU00048,not_as_described,4015.93
R0000642,T0005636,SKU00046,defective,2720.67
R0000643,T0005636,SKU00071,size_issue,6483.71
R0000644,T0009662,SKU00047,size_issue,2230.51
R0000645,T0013120,SKU00035,size_issue,2258.7
R0000646,T0008950,SKU00061,defective,23849.92
R0000647,T0005077,SKU00004,size_issue,6974.58
R0000648,T0005578,SKU00110,defective,27002.55
R0000649,T0005472,SKU00132,size_issue,3441.38
R0000650,T0015678,SKU00085,compatibility_issue,26453.99
R0000651,T0001551,SKU00060,defective,26302.04
R0000652,T0013420,SKU00141,size_issue,2706.83
R0000653,T0002908,SKU00112,changed_mind,3536.22
R0000654,T0002908,SKU00085,not_as_described,14186.07
R0000655,T0005108,SKU00067,not_as_described,138565.14
R0000656,T0000187,SKU00113,size_issue,3924.4
R0000657,T0011974,SKU00097,size_issue,3385.44
R0000658,T0013855,SKU00170,delivery_issue,3295.07
R0000659,T0003264,SKU00105,compatibility_issue,4311.81
R0000660,T0003264,SKU00043,size_issue,10996.0
R0000661,T0006577,SKU00146,defective,24131.13
R0000662,T0012528,SKU00079,defective,340855.88
R0000663,T0001609,SKU00137,not_as_described,170510.77
R0000664,T0006833,SKU00137,quality_issue,218112.16
R0000665,T0006833,SKU00108,compatibility_issue,4652.28
R0000666,T0011886,SKU00170,not_as_described,3650.73
R0000667,T0010886,SKU00158,defective,19812.14
R0000668,T0010886,SKU00096,size_issue,2327.88
R0000669,T0010886,SKU00098,size_issue,8065.06
R0000670,T0000028,SKU00106,size_issue,4313.84
R0000671,T0005711,SKU00113,size_issue,3740.42
R0000672,T0007074,SKU00017,not_as_described,82337.02
R0000673,T0004120,SKU00153,defective,33703.64
R0000674,T0015034,SKU00146,quality_issue,21797.25
R0000675,T0015449,SKU00046,size_issue,2613.23
R0000676,T0004915,SKU00046,size_issue,2773.53
R0000677,T0008618,SKU00081,size_issue,2651.06
R0000678,T0006152,SKU00031,size_issue,8433.32
R0000679,T0013790,SKU00033,delivery_issue,1386.28
R0000680,T0015379,SKU00008,size_issue,1228.22
R0000681,T0015824,SKU00029,size_issue,8503.6
R0000682,T0015347,SKU00154,not_as_described,4255.85
R0000683,T0015347,SKU00092,size_issue,3840.8
R0000684,T0007101,SKU00048,defective,3776.88
R0000685,T0010736,SKU00096,size_issue,2096.21
R0000686,T0010736,SKU00042,size_issue,11245.58
R0000687,T0009352,SKU00034,size_issue,4591.53
R0000688,T0013928,SKU00065,size_issue,6237.18
R0000689,T0009737,SKU00102,delivery_issue,3228.26
R0000690,T0001967,SKU00166,size_issue,1310.66
R0000691,T0006393,SKU00029,size_issue,6906.95
R0000692,T0004005,SKU00123,not_as_described,51348.83
R0000693,T0013712,SKU00032,size_issue,8518.79
R0000694,T0012750,SKU00040,not_as_described,241341.68
R0000695,T0007343,SKU00159,defective,6439.36
R0000696,T0006233,SKU00065,size_issue,6897.56
R0000697,T0013593,SKU00045,not_as_described,8207.67
R0000698,T0008652,SKU00005,size_issue,8244.41
R0000699,T0009872,SKU00082,size_issue,1600.23
R0000700,T0006267,SKU00046,size_issue,2689.81
R0000701,T0006267,SKU00112,not_as_described,3514.38
R0000702,T0006336,SKU00106,compatibility_issue,4431.02
R0000703,T0006336,SKU00119,size_issue,4600.54
R0000704,T0002143,SKU00095,size_issue,4526.45
R0000705,T0015123,SKU00065,compatibility_issue,6170.98
R0000706,T0002463,SKU00031,size_issue,8982.24
R0000707,T0002463,SKU00087,delivery_issue,5528.39
R0000708,T0001031,SKU00056,quality_issue,1655.78
R0000709,T0008141,SKU00146,not_as_described,21499.57
R0000710,T0008763,SKU00024,not_as_described,4422.5
R0000711,T0014839,SKU00144,not_as_described,182940.86
R0000712,T0014839,SKU00001,size_issue,7321.61
R0000713,T0004121,SKU00137,defective,224590.25
R0000714,T0004121,SKU00137,defective,214777.65
R0000715,T0002414,SKU00001,size_issue,6305.59
R0000716,T0009360,SKU00043,changed_mind,12130.35
R0000717,T0003450,SKU00162,changed_mind,8304.85
R0000718,T0003623,SKU00092,quality_issue,4177.35
R0000719,T0011993,SKU00134,not_as_described,9838.62
R0000720,T0008984,SKU00129,not_as_described,19455.08
R0000721,T0010778,SKU00014,defective,250923.72
R0000722,T0007659,SKU00026,compatibility_issue,3942.32
R0000723,T0007659,SKU00171,size_issue,4142.71
R0000724,T0006704,SKU00102,size_issue,3221.74
R0000725,T0014281,SKU00128,not_as_described,3521.88
R0000726,T0003519,SKU00003,size_issue,2102.65
R0000727,T0014023,SKU00110,delivery_issue,24907.6
R0000728,T0005706,SKU00090,size_issue,3812.13
R0000729,T0008146,SKU00092,size_issue,4214.42
R0000730,T0005100,SKU00161,compatibility_issue,6417.26
R0000731,T0003339,SKU00068,size_issue,7977.89
R0000732,T0005000,SKU00001,defective,6688.11
R0000733,T0012865,SKU00060,delivery_issue,30254.38
R0000734,T0013916,SKU00054,not_as_described,10930.71
R0000735,T0009163,SKU00026,delivery_issue,4231.4
R0000736,T0004546,SKU00022,delivery_issue,3128.69
R0000737,T0011053,SKU00076,not_as_described,5380.2
R0000738,T0008087,SKU00144,not_as_described,190551.84
R0000739,T0008087,SKU00016,not_as_described,47982.03
R0000740,T0003647,SKU00025,quality_issue,5413.33
R0000741,T0015712,SKU00082,defective,1783.54
R0000742,T0008222,SKU00090,size_issue,3781.25
R0000743,T0003096,SKU00028,compatibility_issue,1613.09
R0000744,T0014410,SKU00089,quality_issue,15813.2
R0000745,T0002232,SKU00062,size_issue,2958.72
R0000746,T0005688,SKU00065,delivery_issue,6562.52
R0000747,T0000541,SKU00096,size_issue,2291.93
R0000748,T0012826,SKU00086,size_issue,1546.02
R0000749,T0001053,SKU00077,not_as_described,22797.65
R0000750,T0002597,SKU00001,size_issue,6710.66
R0000751,T0004088,SKU00113,size_issue,4047.34
R0000752,T0002927,SKU00051,not_as_described,23406.25
R0000753,T0000248,SKU00087,quality_issue,5365.29
R0000754,T0000248,SKU00035,size_issue,2179.44
R0000755,T0006956,SKU00082,size_issue,1528.68
R0000756,T0011207,SKU00049,size_issue,10100.93
R0000757,T0004061,SKU00062,size_issue,2877.25
R0000758,T0014643,SKU00166,size_issue,1476.53
R0000759,T0009409,SKU00114,size_issue,7216.44
R0000760,T0010299,SKU00006,size_issue,8041.67
R0000761,T0015879,SKU00057,size_issue,5720.83
R0000762,T0005837,SKU00044,size_issue,13631.28
R0000763,T0011567,SKU00076,size_issue,5620.91
R0000764,T0011567,SKU00162,not_as_described,8722.45
R0000765,T0004873,SKU00004,delivery_issue,6259.41
R0000766,T0004873,SKU00056,size_issue,1506.56
R0000767,T0004094,SKU00119,size_issue,4366.62
R0000768,T0004094,SKU00068,size_issue,7010.69
R0000769,T0012226,SKU00043,size_issue,12111.77
R0000770,T0008395,SKU00126,not_as_described,4387.09
R0000771,T0008395,SKU00070,size_issue,2430.5
R0000772,T0015295,SKU00124,quality_issue,41943.97
R0000773,T0014792,SKU00082,quality_issue,1559.79
R0000774,T0000658,SKU00061,not_as_described,22914.19
R0000775,T0001200,SKU00020,quality_issue,15005.35
R0000776,T0007986,SKU00125,defective,36144.5
R0000777,T0007986,SKU00085,compatibility_issue,15195.92
R0000778,T0011752,SKU00078,compatibility_issue,12323.32
R0000779,T0011752,SKU00022,not_as_described,3406.22
R0000780,T0003102,SKU00073,size_issue,41533.08
R0000781,T0008523,SKU00048,size_issue,3697.36
R0000782,T0013526,SKU00035,size_issue,2151.89
R0000783,T0013891,SKU00083,size_issue,1552.56
R0000784,T0014444,SKU00136,not_as_described,6311.73
R0000785,T0006492,SKU00032,size_issue,9421.94
R0000786,T0014739,SKU00098,compatibility_issue,8017.11
R0000787,T0002459,SKU00022,defective,3447.14
R0000788,T0010808,SKU00061,not_as_described,23013.13
R0000789,T0010808,SKU00047,size_issue,2116.58
R0000790,T0006394,SKU00008,size_issue,1220.33
R0000791,T0015418,SKU00121,size_issue,11470.58
R0000792,T0012306,SKU00099,size_issue,5354.28
R0000793,T0000471,SKU00086,size_issue,1718.72
R0000794,T0010785,SKU00135,not_as_described,12587.65
R0000795,T0011513,SKU00008,size_issue,1086.87
R0000796,T0003648,SKU00010,compatibility_issue,8200.4
R0000797,T0006256,SKU00067,not_as_described,130100.27
R0000798,T0009049,SKU00004,size_issue,7290.34
R0000799,T0002499,SKU00070,size_issue,2266.83
R0000800,T0002555,SKU00061,not_as_described,24415.33
R0000801,T0010469,SKU00091,size_issue,1133.44
R0000802,T0004614,SKU00051,defective,20567.02
R0000803,T0002699,SKU00078,not_as_described,38975.86
R0000804,T0002699,SKU00077,compatibility_issue,24010.22
R0000805,T0005092,SKU00142,defective,210880.66
R0000806,T0002030,SKU00035,size_issue,2135.06
R0000807,T0002935,SKU00129,defective,19444.41
R0000808,T0006953,SKU00065,size_issue,6816.15
R0000809,T0015380,SKU00052,defective,9994.1
R0000810,T0010331,SKU00092,size_issue,4185.46
R0000811,T0007717,SKU00092,compatibility_issue,3919.62
R0000812,T0010273,SKU00113,quality_issue,4005.54
R0000813,T0008026,SKU00087,defective,5286.29
R0000814,T0012230,SKU00057,size_issue,6101.71
R0000815,T0015853,SKU00010,delivery_issue,9833.53
R0000816,T0009125,SKU00121,size_issue,11584.96
R0000817,T0013220,SKU00057,size_issue,5874.33
R0000818,T0006341,SKU00083,quality_issue,1609.27
R0000819,T0002433,SKU00106,defective,4370.61
R0000820,T0002433,SKU00005,not_as_described,8054.85
R0000821,T0002116,SKU00067,not_as_described,92458.42
R0000822,T0005235,SKU00046,size_issue,2666.45
R0000823,T0001957,SKU00048,changed_mind,4045.3
R0000824,T0006988,SKU00156,changed_mind,253922.95
R0000825,T0005047,SKU00165,changed_mind,2527.2
R0000826,T0011803,SKU00030,quality_issue,5581.82
R0000827,T0011803,SKU00101,compatibility_issue,10768.8
R0000828,T0000734,SKU00046,size_issue,2559.1
R0000829,T0000734,SKU00148,changed_mind,6221.39
R0000830,T0002036,SKU00064,size_issue,1813.14
R0000831,T0008982,SKU00062,compatibility_issue,3087.97
R0000832,T0012551,SKU00157,defective,32016.57
R0000833,T0007830,SKU00137,defective,208004.58
R0000834,T0004227,SKU00020,not_as_described,16743.04
R0000835,T0001738,SKU00042,size_issue,9513.74
R0000836,T0001738,SKU00052,compatibility_issue,8908.68
R0000837,T0001738,SKU00136,defective,5176.73
R0000838,T0002330,SKU00040,delivery_issue,240487.48
R0000839,T0002304,SKU00034,size_issue,5015.31
R0000840,T0008962,SKU00105,size_issue,4612.89
R0000841,T0009826,SKU00092,size_issue,4069.41
R0000842,T0000889,SKU00064,quality_issue,1704.58
R0000843,T0010866,SKU00110,compatibility_issue,25380.43
R0000844,T0005373,SKU00096,compatibility_issue,2234.13
R0000845,T0005373,SKU00004,size_issue,7028.62
R0000846,T0009877,SKU00036,size_issue,907.1
R0000847,T0009877,SKU00034,size_issue,4502.63
R0000848,T0010356,SKU00083,size_issue,1686.25
R0000849,T0003849,SKU00114,delivery_issue,6916.67
R0000850,T0006176,SKU00068,changed_mind,6774.23
R0000851,T0013795,SKU00080,size_issue,177543.83
R0000852,T0000067,SKU00030,size_issue,5194.99
R0000853,T0015928,SKU00154,compatibility_issue,4212.11
R0000854,T0015801,SKU00108,defective,2570.05
R0000855,T0010495,SKU00148,size_issue,6491.7
R0000856,T0000419,SKU00144,defective,194498.05
R0000857,T0005227,SKU00004,compatibility_issue,6660.46
R0000858,T0012518,SKU00050,compatibility_issue,5907.37
R0000859,T0001105,SKU00091,quality_issue,1262.08
R0000860,T0008064,SKU00092,defective,4449.26
R0000861,T0002691,SKU00068,size_issue,7660.88
R0000862,T0010176,SKU00102,delivery_issue,2918.39
R0000863,T0015844,SKU00091,changed_mind,1132.12
R0000864,T0011663,SKU00166,not_as_described,1298.43
R0000865,T0011663,SKU00081,size_issue,2616.78
R0000866,T0008144,SKU00085,compatibility_issue,31337.05
R0000867,T0015881,SKU00076,delivery_issue,5416.97
R0000868,T0005148,SKU00098,size_issue,8198.11
R0000869,T0004777,SKU00153,defective,30570.12
R0000870,T0004725,SKU00090,defective,3677.11
R0000871,T0001953,SKU00106,delivery_issue,4109.9
R0000872,T0004601,SKU00085,compatibility_issue,15128.31
R0000873,T0004601,SKU00028,defective,1568.92
R0000874,T0003032,SKU00071,size_issue,6060.09
R0000875,T0004705,SKU00007,size_issue,1991.81
R0000876,T0008701,SKU00037,size_issue,3057.42
R0000877,T0009735,SKU00013,size_issue,165012.22
R0000878,T0006027,SKU00142,not_as_described,235699.5
R0000879,T0015622,SKU00095,size_issue,5335.91
R0000880,T0006088,SKU00111,defective,10633.23
R0000881,T0006088,SKU00065,size_issue,5996.51
R0000882,T0013851,SKU00091,not_as_described,1070.14
R0000883,T0010448,SKU00052,quality_issue,10962.4
R0000884,T0001163,SKU00087,size_issue,5358.75
R0000885,T0013224,SKU00137,not_as_described,217782.22
R0000886,T0010281,SKU00076,size_issue,5678.84
R0000887,T0012141,SKU00127,not_as_described,6508.32
R0000888,T0000240,SKU00071,size_issue,6529.21
R0000889,T0013140,SKU00126,not_as_described,4537.68
R0000890,T0013140,SKU00171,size_issue,4185.3
R0000891,T0002819,SKU00095,size_issue,4690.79
R0000892,T0005065,SKU00049,size_issue,11235.82
R0000893,T0006922,SKU00029,size_issue,8065.24
R0000894,T0004574,SKU00040,not_as_described,236013.84
R0000895,T0002736,SKU00112,size_issue,3785.55
R0000896,T0007026,SKU00010,not_as_described,8505.36
R0000897,T0003738,SKU00052,delivery_issue,9303.36
R0000898,T0011279,SKU00037,size_issue,2984.93
R0000899,T0001444,SKU00071,changed_mind,6348.42
R0000900,T0013073,SKU00016,not_as_described,45432.62
R0000901,T0006683,SKU00070,size_issue,2122.1
R0000902,T0009854,SKU00120,size_issue,2672.55
R0000903,T0001285,SKU00059,compatibility_issue,13184.49
R0000904,T0015709,SKU00012,not_as_described,197047.69
R0000905,T0010392,SKU00047,size_issue,2244.56
R0000906,T0007182,SKU00171,delivery_issue,4171.03
R0000907,T0009585,SKU00050,size_issue,6440.33
R0000908,T0005438,SKU00022,delivery_issue,3296.32
R0000909,T0012572,SKU00063,not_as_described,2961.14
R0000910,T0002219,SKU00035,delivery_issue,2026.08
R0000911,T0002219,SKU00166,compatibility_issue,1235.03
R0000912,T0005095,SKU00051,not_as_described,21199.25
R0000913,T0000129,SKU00040,not_as_described,228610.28
R0000914,T0012570,SKU00004,delivery_issue,5669.59
R0000915,T0010728,SKU00094,defective,178387.34
R0000916,T0015439,SKU00020,defective,14771.94
R0000917,T0006099,SKU00008,size_issue,1315.11
R0000918,T0001600,SKU00076,not_as_described,5678.58
R0000919,T0002118,SKU00071,size_issue,5963.41
R0000920,T0008666,SKU00035,size_issue,2208.13
R0000921,T0012411,SKU00009,quality_issue,4912.54
R0000922,T0001883,SKU00094,quality_issue,189323.0
R0000923,T0008181,SKU00033,defective,1481.75
R0000924,T0000417,SKU00172,delivery_issue,6572.78
R0000925,T0013706,SKU00078,compatibility_issue,13150.44
R0000926,T0012681,SKU00044,size_issue,15067.83
R0000927,T0006310,SKU00118,size_issue,5491.08
R0000928,T0009626,SKU00078,compatibility_issue,21989.4
R0000929,T0005012,SKU00070,size_issue,2325.71
R0000930,T0003038,SKU00169,size_issue,6154.02
R0000931,T0011294,SKU00064,compatibility_issue,1665.69
R0000932,T0014662,SKU00032,size_issue,8951.33
R0000933,T0010065,SKU00022,not_as_described,3559.06
R0000934,T0006735,SKU00146,size_issue,25114.3
R0000935,T0001671,SKU00144,defective,196108.13
R0000936,T0002996,SKU00141,size_issue,2793.02
R0000937,T0008324,SKU00110,not_as_described,22966.8
R0000938,T0011283,SKU00108,delivery_issue,2235.73
R0000939,T0002231,SKU00116,not_as_described,7308.09
R0000940,T0003919,SKU00170,defective,3412.69
R0000941,T0003556,SKU00114,compatibility_issue,7584.63
R0000942,T0004710,SKU00073,size_issue,43309.13
R0000943,T0001962,SKU00086,changed_mind,1640.59
R0000944,T0002757,SKU00037,size_issue,3130.48
R0000945,T0015645,SKU00076,changed_mind,5813.03
R0000946,T0001948,SKU00086,not_as_described,1576.8
R0000947,T0001948,SKU00052,compatibility_issue,9765.51
R0000948,T0008553,SKU00062,compatibility_issue,2928.6
R0000949,T0000051,SKU00048,size_issue,4038.15
R0000950,T0002841,SKU00128,not_as_described,3910.44
R0000951,T0003384,SKU00171,size_issue,4494.49
R0000952,T0003384,SKU00027,compatibility_issue,8077.49
R0000953,T0014800,SKU00077,compatibility_issue,21728.11
R0000954,T0011418,SKU00089,defective,15771.42
R0000955,T0004271,SKU00143,not_as_described,336067.23
R0000956,T0004271,SKU00012,defective,208414.39
R0000957,T0014380,SKU00123,defective,53225.26
R0000958,T0012462,SKU00085,compatibility_issue,15374.29
R0000959,T0000585,SKU00044,size_issue,15259.83
R0000960,T0006439,SKU00096,compatibility_issue,1950.69
R0000961,T0009206,SKU00091,defective,1198.11
R0000962,T0006585,SKU00034,size_issue,5012.82
R0000963,T0009852,SKU00010,not_as_described,8735.29
R0000964,T0001459,SKU00084,size_issue,5254.81
R0000965,T0013407,SKU00118,changed_mind,5314.22
R0000966,T0015021,SKU00087,size_issue,5522.65
R0000967,T0005836,SKU00043,size_issue,11987.53
R0000968,T0002272,SKU00033,defective,812.85
R0000969,T0010421,SKU00047,size_issue,2237.83
R0000970,T0002261,SKU00112,size_issue,3648.6
R0000971,T0004931,SKU00061,compatibility_issue,22338.9
R0000972,T0001944,SKU00144,quality_issue,182643.13
R0000973,T0003661,SKU00158,not_as_described,18153.77
R0000974,T0006905,SKU00011,not_as_described,21094.13
R0000975,T0008748,SKU00078,compatibility_issue,26484.29
R0000976,T0012829,SKU00077,quality_issue,22776.23
R0000977,T0011331,SKU00169,size_issue,5924.32
R0000978,T0012739,SKU00014,not_as_described,216405.03
R0000979,T0005737,SKU00030,size_issue,5477.76
R0000980,T0012450,SKU00061,defective,23464.6
R0000981,T0001057,SKU00094,delivery_issue,151692.77
R0000982,T0006649,SKU00113,size_issue,4374.6
R0000983,T0006649,SKU00101,size_issue,10169.9
R0000984,T0007022,SKU00073,not_as_described,39718.38
R0000985,T0007022,SKU00046,size_issue,2487.78
R0000986,T0012130,SKU00063,changed_mind,2944.38
R0000987,T0004068,SKU00070,size_issue,2361.86
R0000988,T0004750,SKU00153,not_as_described,30498.08
R0000989,T0010940,SKU00067,not_as_described,135468.51
R0000990,T0014798,SKU00033,defective,1337.56
R0000991,T0002945,SKU00160,size_issue,8750.47
R0000992,T0015403,SKU00146,defective,23090.2
R0000993,T0013574,SKU00010,not_as_described,20474.15
R0000994,T0011057,SKU00114,changed_mind,6744.23
R0000995,T0001691,SKU00079,not_as_described,340743.31
R0000996,T0009199,SKU00087,size_issue,5124.82
R0000997,T0004635,SKU00046,compatibility_issue,2596.92
R0000998,T0011015,SKU00158,defective,18731.5
R0000999,T0006998,SKU00047,delivery_issue,1916.87
R0001000,T0007291,SKU00046,size_issue,2254.42
R0001001,T0007291,SKU00133,changed_mind,2006.18
R0001002,T0001034,SKU00030,delivery_issue,5045.7
R0001003,T0011626,SKU00092,defective,4480.94
R0001004,T0014437,SKU00025,compatibility_issue,4946.34
R0001005,T0002437,SKU00037,delivery_issue,2871.86
R0001006,T0002437,SKU00083,compatibility_issue,1588.55
R0001007,T0002437,SKU00124,defective,40248.44
R0001008,T0012439,SKU00102,size_issue,3220.51
R0001009,T0013977,SKU00162,quality_issue,18278.12
R0001010,T0000939,SKU00037,delivery_issue,3158.79
R0001011,T0012286,SKU00019,quality_issue,3997.26
R0001012,T0004246,SKU00078,quality_issue,13172.65
R0001013,T0002425,SKU00078,quality_issue,13740.1
R0001014,T0015110,SKU00082,delivery_issue,1185.73
R0001015,T0013517,SKU00047,compatibility_issue,1858.98
R0001016,T0012511,SKU00014,defective,232913.97
R0001017,T0005590,SKU00001,delivery_issue,6754.75
R0001018,T0003845,SKU00134,not_as_described,10653.21
R0001019,T0000211,SKU00102,not_as_described,3035.98
R0001020,T0000211,SKU00118,compatibility_issue,4871.94
R0001021,T0008753,SKU00037,quality_issue,3119.14
R0001022,T0001322,SKU00132,size_issue,3606.52
R0001023,T0011657,SKU00137,not_as_described,219960.2
R0001024,T0004822,SKU00087,size_issue,5545.44
R0001025,T0015290,SKU00049,size_issue,11262.17
R0001026,T0000367,SKU00118,quality_issue,5446.54
R0001027,T0013028,SKU00063,size_issue,2995.88
R0001028,T0004717,SKU00026,delivery_issue,4155.11
R0001029,T0004717,SKU00094,not_as_described,180450.33
R0001030,T0002761,SKU00101,changed_mind,11238.03
R0001031,T0002761,SKU00119,size_issue,4757.87
R0001032,T0006888,SKU00057,size_issue,5677.42
R0001033,T0009144,SKU00082,size_issue,1738.28
R0001034,T0014554,SKU00172,size_issue,5773.32
R0001035,T0006533,SKU00170,delivery_issue,3520.32
R0001036,T0014506,SKU00126,compatibility_issue,4360.8
R0001037,T0012231,SKU00008,size_issue,1281.98
R0001038,T0005710,SKU00144,changed_mind,179416.56
R0001039,T0011606,SKU00008,compatibility_issue,1363.97
R0001040,T0013794,SKU00090,size_issue,3613.31
R0001041,T0000592,SKU00003,size_issue,1969.31
R0001042,T0001478,SKU00024,not_as_described,3968.3
R0001043,T0002123,SKU00166,compatibility_issue,1365.68
R0001044,T0015985,SKU00106,size_issue,3975.61
R0001045,T0005336,SKU00070,not_as_described,2228.11
R0001046,T0013578,SKU00134,defective,11704.56
R0001047,T0013578,SKU00062,size_issue,3061.09
R0001048,T0010797,SKU00066,not_as_described,76441.15
R0001049,T0013961,SKU00066,not_as_described,94887.03
R0001050,T0001341,SKU00017,not_as_described,83179.16
R0001051,T0007566,SKU00094,defective,159253.84
R0001052,T0002412,SKU00063,compatibility_issue,3259.28
R0001053,T0015920,SKU00143,defective,334413.77
R0001054,T0011540,SKU00105,quality_issue,4132.36
R0001055,T0015009,SKU00171,defective,4378.29
R0001056,T0010690,SKU00119,size_issue,4504.77
R0001057,T0013002,SKU00092,size_issue,4253.94
R0001058,T0001406,SKU00057,size_issue,6192.92
R0001059,T0010950,SKU00026,delivery_issue,3870.78
R0001060,T0014481,SKU00096,not_as_described,2261.29
R0001061,T0000968,SKU00166,size_issue,1370.04
R0001062,T0000968,SKU00018,compatibility_issue,6276.79
R0001063,T0000968,SKU00078,changed_mind,12958.63
R0001064,T0013677,SKU00042,size_issue,10622.17
R0001065,T0010126,SKU00070,quality_issue,2077.45
R0001066,T0014712,SKU00023,quality_issue,4810.94
R0001067,T0006281,SKU00046,size_issue,2451.24
R0001068,T0006281,SKU00031,delivery_issue,8619.86
R0001069,T0003398,SKU00047,size_issue,2171.76
R0001070,T0013612,SKU00022,compatibility_issue,3667.46
R0001071,T0015138,SKU00047,size_issue,1966.94
R0001072,T0008025,SKU00137,not_as_described,212450.1
R0001073,T0012402,SKU00158,compatibility_issue,16249.43
R0001074,T0014658,SKU00167,size_issue,1870.53
R0001075,T0014658,SKU00167,size_issue,1863.6
R0001076,T0002402,SKU00159,size_issue,7561.8
R0001077,T0008396,SKU00126,quality_issue,3540.77
R0001078,T0013625,SKU00064,compatibility_issue,1864.86
R0001079,T0013625,SKU00129,defective,20328.58
R0001080,T0004193,SKU00051,not_as_described,21752.53
R0001081,T0004519,SKU00132,delivery_issue,3686.31
R0001082,T0007230,SKU00166,size_issue,1314.55
R0001083,T0002387,SKU00032,size_issue,9205.01
R0001084,T0004163,SKU00133,size_issue,4114.16
R0001085,T0001583,SKU00170,size_issue,3481.26
R0001086,T0006312,SKU00030,not_as_described,5136.25
R0001087,T0003674,SKU00113,not_as_described,4267.67
R0001088,T0005901,SKU00141,size_issue,2575.29
R0001089,T0008200,SKU00035,defective,1965.81
R0001090,T0000435,SKU00123,delivery_issue,55194.2
R0001091,T0001778,SKU00012,defective,214358.26
R0001092,T0010319,SKU00160,quality_issue,9508.12
R0001093,T0008402,SKU00033,size_issue,1220.52
R0001094,T0013080,SKU00092,quality_issue,3991.0
R0001095,T0009503,SKU00123,not_as_described,46782.43
R0001096,T0008194,SKU00032,size_issue,8893.63
R0001097,T0008831,SKU00094,defective,164941.02
R0001098,T0002934,SKU00051,defective,22454.35
R0001099,T0011371,SKU00064,size_issue,1541.54
R0001100,T0005841,SKU00013,defective,176171.55
R0001101,T0008467,SKU00044,size_issue,12773.72
R0001102,T0004289,SKU00148,delivery_issue,6295.55
R0001103,T0009609,SKU00092,size_issue,3953.82
R0001104,T0003871,SKU00127,delivery_issue,11930.47
R0001105,T0004587,SKU00034,defective,4690.84
R0001106,T0005407,SKU00148,defective,6615.23
R0001107,T0010587,SKU00071,size_issue,5582.7
R0001108,T0010587,SKU00142,delivery_issue,220721.2
R0001109,T0000150,SKU00052,not_as_described,11379.38
R0001110,T0000150,SKU00158,not_as_described,17428.42
R0001111,T0000150,SKU00144,quality_issue,179347.32
R0001112,T0003075,SKU00110,not_as_described,27175.16
R0001113,T0003075,SKU00036,size_issue,909.26
R0001114,T0013721,SKU00109,not_as_described,35528.01
R0001115,T0002800,SKU00035,defective,2186.09
R0001116,T0002800,SKU00154,compatibility_issue,8144.16
R0001117,T0007087,SKU00160,size_issue,9079.82
R0001118,T0005877,SKU00028,delivery_issue,3259.87
R0001119,T0009056,SKU00138,quality_issue,192727.55
R0001120,T0009056,SKU00026,quality_issue,4284.79
R0001121,T0003123,SKU00028,compatibility_issue,1489.04
R0001122,T0003123,SKU00022,quality_issue,3112.57
R0001123,T0012032,SKU00081,size_issue,2532.68
R0001124,T0011721,SKU00059,size_issue,5976.79
R0001125,T0011721,SKU00090,not_as_described,3527.1
R0001126,T0015164,SKU00097,compatibility_issue,3677.08
R0001127,T0012571,SKU00039,changed_mind,7927.67
R0001128,T0010671,SKU00115,defective,103764.87
R0001129,T0004886,SKU00083,size_issue,1516.43
R0001130,T0015911,SKU00022,quality_issue,3294.51
R0001131,T0004221,SKU00102,size_issue,3144.14
R0001132,T0004210,SKU00145,not_as_described,33315.28
R0001133,T0004210,SKU00065,size_issue,6141.55
R0001134,T0015730,SKU00129,defective,16998.78
R0001135,T0015497,SKU00076,defective,5432.8
R0001136,T0014541,SKU00005,compatibility_issue,7894.26
R0001137,T0013780,SKU00162,defective,9316.65
R0001138,T0013780,SKU00077,compatibility_issue,20417.53
R0001139,T0011481,SKU00066,not_as_described,76310.76
R0001140,T0004252,SKU00047,quality_issue,1985.87
R0001141,T0013385,SKU00083,size_issue,1587.89
R0001142,T0007856,SKU00074,size_issue,2541.51
R0001143,T0009310,SKU00147,not_as_described,78082.61
R0001144,T0000143,SKU00126,size_issue,4429.76
R0001145,T0000401,SKU00022,compatibility_issue,3125.23
R0001146,T0004589,SKU00125,defective,34047.17
R0001147,T0004589,SKU00136,defective,5935.78
R0001148,T0012860,SKU00166,not_as_described,1097.45
R0001149,T0006916,SKU00101,size_issue,6642.34
R0001150,T0013481,SKU00108,size_issue,2136.73
R0001151,T0002367,SKU00170,not_as_described,3448.34
R0001152,T0009893,SKU00036,size_issue,1048.56
R0001153,T0013583,SKU00113,not_as_described,3790.25
R0001154,T0008103,SKU00096,size_issue,2304.54
R0001155,T0004132,SKU00033,quality_issue,1422.59
R0001156,T0011455,SKU00057,size_issue,5228.66
R0001157,T0008072,SKU00077,compatibility_issue,42964.21
R0001158,T0015840,SKU00109,defective,39957.64
R0001159,T0015840,SKU00090,size_issue,3335.48
R0001160,T0013181,SKU00005,size_issue,8073.99
R0001161,T0015365,SKU00067,defective,134533.47
R0001162,T0009685,SKU00069,quality_issue,5577.95
R0001163,T0004565,SKU00090,size_issue,3594.38
R0001164,T0008787,SKU00071,defective,5717.79
R0001165,T0003957,SKU00111,size_issue,11166.39
R0001166,T0010745,SKU00014,defective,244146.89
R0001167,T0002250,SKU00091,size_issue,1181.25
R0001168,T0011323,SKU00133,quality_issue,3992.42
R0001169,T0002002,SKU00171,quality_issue,3737.26
R0001170,T0000496,SKU00112,changed_mind,3524.64
R0001171,T0010376,SKU00048,size_issue,3893.6
R0001172,T0000713,SKU00077,changed_mind,23454.34
R0001173,T0000790,SKU00005,not_as_described,7813.63
R0001174,T0012732,SKU00017,compatibility_issue,89395.53
R0001175,T0000627,SKU00037,delivery_issue,3075.72
R0001176,T0003019,SKU00048,compatibility_issue,3890.56
R0001177,T0003019,SKU00039,delivery_issue,3590.88
R0001178,T0003019,SKU00052,size_issue,11211.66
R0001179,T0015049,SKU00007,defective,2423.86
R0001180,T0015049,SKU00051,not_as_described,19791.79
R0001181,T0015699,SKU00170,delivery_issue,3659.72
R0001182,T0008644,SKU00077,quality_issue,21907.05
R0001183,T0013439,SKU00010,compatibility_issue,9418.03
R0001184,T0013439,SKU00147,quality_issue,80763.76
R0001185,T0014291,SKU00087,compatibility_issue,4413.37
R0001186,T0008344,SKU00105,size_issue,4228.18
R0001187,T0002296,SKU00033,size_issue,1463.16
R0001188,T0009245,SKU00095,size_issue,5040.15
R0001189,T0011091,SKU00004,size_issue,6603.67
R0001190,T0000959,SKU00054,compatibility_issue,11224.02
R0001191,T0012447,SKU00083,delivery_issue,1403.68
R0001192,T0014195,SKU00012,not_as_described,201656.5
R0001193,T0008824,SKU00064,not_as_described,1539.58
R0001194,T0012139,SKU00065,quality_issue,6515.89
R0001195,T0013750,SKU00171,size_issue,4033.17
R0001196,T0007888,SKU00039,defective,3721.16
R0001197,T0008465,SKU00032,changed_mind,8818.37
R0001198,T0015363,SKU00033,size_issue,1382.92
R0001199,T0012373,SKU00096,not_as_described,2123.97
R0001200,T0015576,SKU00067,quality_issue,126009.26
R0001201,T0006701,SKU00048,size_issue,4127.88
R0001202,T0010957,SKU00139,size_issue,16930.62
R0001203,T0004794,SKU00023,defective,5034.42
R0001204,T0011703,SKU00172,size_issue,6602.67
R0001205,T0011703,SKU00157,not_as_described,34726.91
R0001206,T0006805,SKU00064,size_issue,1685.18
R0001207,T0009037,SKU00056,size_issue,1767.36
R0001208,T0015929,SKU00076,defective,4800.88
R0001209,T0011336,SKU00081,size_issue,2544.56
R0001210,T0013874,SKU00082,size_issue,1611.52
R0001211,T0013874,SKU00019,size_issue,4184.53
R0001212,T0013021,SKU00012,defective,189267.25
R0001213,T0004542,SKU00124,defective,39576.9
R0001214,T0015762,SKU00084,size_issue,5305.85
R0001215,T0013608,SKU00067,defective,119144.22
R0001216,T0006731,SKU00144,delivery_issue,181957.25
R0001217,T0006769,SKU00006,defective,8607.74
R0001218,T0012533,SKU00138,not_as_described,176257.45
R0001219,T0013233,SKU00046,not_as_described,2564.93
R0001220,T0001573,SKU00085,not_as_described,15525.69
R0001221,T0006490,SKU00113,size_issue,4238.64
R0001222,T0005617,SKU00033,size_issue,1324.77
R0001223,T0003337,SKU00118,size_issue,5071.84
R0001224,T0009495,SKU00049,size_issue,10194.32
R0001225,T0011194,SKU00010,size_issue,9607.08
R0001226,T0011194,SKU00049,size_issue,11569.8
R0001227,T0009482,SKU00154,compatibility_issue,3946.28
R0001228,T0003887,SKU00035,size_issue,2324.27
R0001229,T0010945,SKU00060,delivery_issue,24563.66
R0001230,T0010945,SKU00056,not_as_described,1467.74
R0001231,T0002103,SKU00057,delivery_issue,6029.64
R0001232,T0006652,SKU00097,size_issue,3494.55
R0001233,T0000170,SKU00060,changed_mind,28210.86
R0001234,T0014847,SKU00082,size_issue,1155.01
R0001235,T0002749,SKU00127,compatibility_issue,6657.54
R0001236,T0012485,SKU00005,size_issue,7656.94
R0001237,T0009572,SKU00040,not_as_described,193041.14
R0001238,T0000305,SKU00052,quality_issue,9353.73
R0001239,T0003278,SKU00061,not_as_described,20954.83
R0001240,T0003404,SKU00035,size_issue,2176.34
R0001241,T0000809,SKU00169,size_issue,5780.94
R0001242,T0004310,SKU00086,delivery_issue,1560.8
R0001243,T0000451,SKU00077,size_issue,20066.9
R0001244,T0003417,SKU00054,not_as_described,11377.55
R0001245,T0000832,SKU00061,not_as_described,22892.83
R0001246,T0008125,SKU00014,defective,232449.58
R0001247,T0007921,SKU00132,not_as_described,3433.62
R0001248,T0009844,SKU00151,not_as_described,88908.71
R0001249,T0002373,SKU00172,compatibility_issue,6399.26
R0001250,T0014092,SKU00073,not_as_described,36159.91
R0001251,T0007613,SKU00071,size_issue,6351.96
R0001252,T0009463,SKU00026,defective,8078.14
R0001253,T0007213,SKU00099,not_as_described,5370.96
R0001254,T0005804,SKU00017,defective,93414.5
R0001255,T0003732,SKU00162,quality_issue,8581.53
R0001256,T0005628,SKU00145,not_as_described,35600.46
R0001257,T0005628,SKU00148,compatibility_issue,6737.98
R0001258,T0006147,SKU00091,size_issue,1078.38
R0001259,T0003781,SKU00126,compatibility_issue,3804.7
R0001260,T0010764,SKU00090,size_issue,3566.61
R0001261,T0000578,SKU00132,size_issue,4150.21
R0001262,T0010240,SKU00064,size_issue,1882.38
R0001263,T0010240,SKU00137,size_issue,207991.12
R0001264,T0003147,SKU00009,delivery_issue,4856.11
R0001265,T0009223,SKU00032,size_issue,9808.56
R0001266,T0008359,SKU00057,size_issue,5524.17
R0001267,T0015979,SKU00162,compatibility_issue,8661.43
R0001268,T0013542,SKU00153,changed_mind,31796.74
R0001269,T0013542,SKU00024,not_as_described,4403.88
R0001270,T0014966,SKU00090,size_issue,3581.67
R0001271,T0014429,SKU00009,size_issue,4680.64
R0001272,T0007497,SKU00017,defective,88253.83
R0001273,T0007497,SKU00085,size_issue,14489.2
R0001274,T0007727,SKU00120,size_issue,3057.12
R0001275,T0006698,SKU00161,compatibility_issue,15419.19
R0001276,T0007867,SKU00035,not_as_described,2094.76
R0001277,T0013789,SKU00137,defective,198345.12
R0001278,T0010011,SKU00161,defective,7319.3
R0001279,T0002233,SKU00057,size_issue,5412.78
R0001280,T0010840,SKU00092,size_issue,3765.35
R0001281,T0012574,SKU00082,size_issue,1724.49
R0001282,T0007151,SKU00065,size_issue,6197.32
R0001283,T0007151,SKU00114,compatibility_issue,6500.27
R0001284,T0007151,SKU00144,defective,176816.36
R0001285,T0000299,SKU00046,size_issue,2459.48
R0001286,T0000299,SKU00127,compatibility_issue,5511.73
R0001287,T0000299,SKU00151,defective,90263.36
