,ID,firstname,surname,gender,distance_from_office_miles,age,nationality,emp_type,travel_cost
0,1111,Johnathan,Fitzpatrick,M,37,32,Canada,Hourly,57.0
1,1112,Samuel,Richardson,M,13,34,USA,FT,37.0
2,1113,Kayla,Martinez,F,17,32,UAE,PT,37.0
3,1114,John,Hutchinson,M,29,39,Australia,PT,57.0
4,1115,John,Price,M,13,33,Australia,FT,37.0
5,1116,Aaron,Wise,M,29,33,India,FT,57.0
6,1117,Mark,Lowe,M,37,32,India,FT,57.0
7,1118,Jessica,Duncan,F,33,33,UAE,Hourly,57.0
8,1119,Raymond,Hernandez,M,29,30,Canada,Variable Hourly,57.0
9,1120,Cheyenne,Cobb,F,41,34,India,Variable Hourly,74.0
10,1121,Ashlee,Manning,F,37,32,USA,Seasonal,57.0
11,1122,Renee,Kelly,F,45,37,UAE,Hourly,74.0
12,1123,Jackie,Clayton,F,21,36,Australia,Seasonal,57.0
13,1124,Daniel,Hernandez,M,13,34,USA,PT,37.0
14,1125,Traci,Hoffman,F,21,32,USA,PT,57.0
15,1126,Christopher,Santos,M,37,33,USA,Hourly,57.0
16,1127,Edward,Hardin,M,21,32,USA,Intern,57.0
17,1128,Eric,Henry,M,29,38,Pakistan,Variable Hourly,57.0
18,1129,Kimberly,Miller,F,5,37,Canada,PT,25.0
19,1130,Nicole,Wilson,F,25,34,UK,Hourly,57.0
20,1131,Gregory,Shepard,M,5,36,Canada,Intern,25.0
21,1132,Monica,Barnes,F,21,36,USA,Seasonal,57.0
22,1133,Matthew,Young,M,45,34,USA,Variable Hourly,74.0
23,1134,Clinton,Lopez,M,13,34,Australia,Variable Hourly,37.0
24,1135,Benjamin,Clark,M,33,36,USA,FT,57.0
25,1136,Lori,Murphy,F,29,39,Canada,Seasonal,57.0
26,1137,Nicole,Mcdonald,F,9,36,UAE,FT,25.0
27,1138,Cassandra,Payne,F,1,33,Pakistan,Hourly,18.0
28,1139,Angela,Johnson,F,5,35,USA,FT,25.0
29,1140,Luis,Mcneil,M,13,35,Canada,Variable Hourly,37.0
30,1141,Luke,Day,M,5,40,UK,Intern,25.0
31,1142,Stephanie,Espinoza,F,41,38,India,FT,74.0
32,1143,Amber,Chavez,F,37,32,USA,Variable Hourly,57.0
33,1144,Katherine,Terry,F,41,34,UAE,Variable Hourly,74.0
34,1145,Vincent,Armstrong,M,49,41,USA,PT,74.0
35,1146,Jason,Mcdaniel,M,41,35,UAE,Seasonal,74.0
36,1147,Daniel,Wagner,M,13,37,UK,PT,37.0
37,1148,Roy,Palmer,M,17,30,UAE,PT,37.0
38,1149,Gary,Bryan,M,37,31,USA,Temp,57.0
39,1150,Jacob,Carter,M,29,32,USA,FT,57.0
40,1151,Derek,Navarro,M,1,40,USA,FT,18.0
41,1152,Richard,Larsen,M,17,31,USA,FT,37.0
42,1153,Lisa,Allen,F,1,34,Australia,Temp,18.0
43,1154,Mark,Garrett,M,41,39,USA,FT,74.0
44,1155,Rebecca,Rogers,F,1,47,UK,PT,18.0
45,1156,Joseph,Garcia,M,37,36,USA,Hourly,57.0
46,1157,Victoria,Smith,F,33,31,USA,PT,57.0
47,1158,Brian,Brown,M,41,39,USA,Hourly,74.0
48,1159,Dalton,White,M,5,33,Pakistan,PT,25.0
49,1160,Lauren,Yang,F,13,34,UK,FT,37.0
50,1161,Brandon,Lawson,M,21,33,Pakistan,Hourly,57.0
51,1162,Scott,Salazar,M,9,39,USA,FT,25.0
52,1163,Christopher,Walters,M,17,31,USA,FT,37.0
53,1164,Evelyn,Murphy,F,17,38,Canada,Seasonal,37.0
54,1165,Carolyn,Hale,F,1,32,Canada,Intern,18.0
55,1166,Cynthia,Paul,F,17,29,USA,PT,37.0
56,1167,Cathy,Riley,F,29,30,Australia,FT,57.0
57,1168,Aaron,Shepard,M,41,28,Australia,PT,74.0
58,1169,David,Hunt,M,37,34,USA,Intern,57.0
59,1170,Crystal,Gray,F,17,35,Canada,FT,37.0
60,1171,Michael,Blair,M,25,29,Canada,Temp,57.0
61,1172,Joseph,Black,M,21,34,USA,FT,57.0
62,1173,Stephanie,Holloway,F,49,32,USA,PT,74.0
63,1174,Steve,David,M,9,32,UK,FT,25.0
64,1175,April,Clements,F,5,34,USA,Hourly,25.0
65,1176,Ralph,Gregory,M,41,36,USA,PT,74.0
66,1177,Emily,Burns,F,25,46,Canada,Seasonal,57.0
67,1178,Joshua,Ward,M,41,39,USA,PT,74.0
68,1179,Troy,Miller,M,45,36,USA,PT,74.0
69,1180,Margaret,Roberson,F,45,32,USA,FT,74.0
70,1181,James,Miranda,M,5,35,USA,FT,25.0
71,1182,Patrick,Ray,M,45,32,Australia,Intern,74.0
72,1183,Stephen,Rowe,M,41,32,Canada,Intern,74.0
73,1184,Samantha,Owens,F,5,37,USA,FT,25.0
74,1185,Natasha,Allen,F,41,34,UAE,FT,74.0
75,1186,Rebecca,Torres,F,49,32,USA,FT,74.0
76,1187,Eric,Perkins,M,45,33,USA,FT,74.0
77,1188,Scott,Bailey,M,17,29,UAE,Seasonal,37.0
78,1189,Bobby,Sharp,M,37,35,USA,FT,57.0
79,1190,Eric,Hood,M,9,34,Australia,FT,25.0
80,1191,Joshua,Hawkins,M,45,32,USA,FT,74.0
81,1192,Andrew,Miles,M,37,35,UK,FT,57.0
82,1193,Jason,Curtis,M,33,33,Canada,PT,57.0
83,1194,Julie,Cooper,F,29,42,USA,PT,57.0
84,1195,Linda,Smith,F,25,31,Canada,PT,57.0
85,1196,Phillip,Taylor,M,45,30,Pakistan,FT,74.0
86,1197,Emily,Salinas,F,1,29,USA,FT,18.0
87,1198,Scott,Morgan,M,13,35,Pakistan,Hourly,37.0
88,1199,Steven,Jones,M,41,35,UK,FT,74.0
89,1200,Brittany,Watson,F,29,31,Canada,PT,57.0
90,1201,Carl,Ramirez,M,9,32,UK,Seasonal,25.0
91,1202,Nathaniel,Sexton,M,45,34,UAE,FT,74.0
92,1203,Cassidy,Chavez,F,9,36,UK,FT,25.0
93,1204,Crystal,Gibbs,F,33,34,USA,PT,57.0
94,1205,Donald,Dunn,M,37,44,UAE,FT,57.0
95,1206,Tiffany,Morales,F,17,33,Canada,FT,37.0
96,1207,Sydney,Lynch,F,37,33,USA,Temp,57.0
97,1208,Tyler,Benjamin,M,25,35,Canada,Intern,57.0
98,1209,Danny,Kennedy,M,33,36,Canada,Seasonal,57.0
99,1210,Jason,Medina,M,49,31,UAE,Hourly,74.0
100,1211,Robert,Clayton,M,25,33,USA,FT,57.0
101,1212,Kelsey,Jenkins,F,45,36,UAE,PT,74.0
102,1213,Emily,Freeman,F,41,33,UAE,PT,74.0
103,1214,Madeline,Nelson,F,21,32,Pakistan,Hourly,57.0
104,1215,Whitney,Atkins,F,5,34,USA,Hourly,25.0
105,1216,Richard,Jarvis,M,29,32,USA,FT,57.0
106,1217,Christina,Jones,F,49,35,UK,Variable Hourly,74.0
107,1218,Samuel,French,M,21,36,USA,PT,57.0
108,1219,Michael,Williamson,M,5,33,UK,Intern,25.0
109,1220,Brianna,Byrd,F,33,31,USA,PT,57.0
110,1221,Patricia,Morgan,F,45,34,USA,Variable Hourly,74.0
111,1222,Matthew,Wells,M,1,36,USA,FT,18.0
112,1223,Brian,Crawford,M,1,30,India,PT,18.0
113,1224,Mark,Preston,M,9,34,India,Seasonal,25.0
114,1225,Jacob,Rogers,M,9,31,UAE,Seasonal,25.0
115,1226,Mark,Coleman,M,29,38,USA,PT,57.0
116,1227,Cristina,Torres,F,21,37,India,PT,57.0
117,1228,Casey,Marsh,F,25,32,Canada,Seasonal,57.0
118,1229,Dan,Simmons,M,29,30,USA,PT,57.0
119,1230,Adrian,Huff,M,37,32,USA,Variable Hourly,57.0
120,1231,Melissa,Evans,F,25,31,UK,FT,57.0
121,1232,Luis,Roberts,M,1,34,USA,PT,18.0
122,1233,Elizabeth,Harrison,F,29,31,India,Seasonal,57.0
123,1234,Christopher,Gilmore,M,9,39,UAE,FT,25.0
124,1235,James,Walters,M,21,35,USA,FT,57.0
125,1236,Zachary,Paul,M,49,31,Canada,PT,74.0
126,1237,Stephanie,Banks,F,33,33,USA,FT,57.0
127,1238,Lauren,Wong,F,17,34,USA,FT,37.0
128,1239,Gregory,Wells,M,17,32,USA,FT,37.0
129,1240,Richard,Smith,M,9,36,USA,PT,25.0
130,1241,Brian,Johnson,M,37,31,USA,Temp,57.0
131,1242,Brooke,Randall,F,1,32,USA,PT,18.0
132,1243,Michael,Edwards,M,9,36,UK,Intern,25.0
133,1244,Jon,Patterson,M,5,30,UAE,Hourly,25.0
134,1245,Christina,Nelson,F,25,33,Canada,Variable Hourly,57.0
135,1246,Christina,Cruz,F,29,31,UK,Seasonal,57.0
136,1247,Shirley,Rogers,F,25,30,UAE,FT,57.0
137,1248,Ruth,Gonzalez,F,13,32,USA,Intern,37.0
138,1249,Geoffrey,Jones,M,41,28,USA,FT,74.0
139,1250,Shawn,Goodwin,M,29,32,Pakistan,FT,57.0
140,1251,Scott,Gordon,M,33,32,USA,PT,57.0
141,1252,Amanda,Campos,F,21,31,USA,PT,57.0
142,1253,Katherine,White,F,21,37,UAE,Intern,57.0
143,1254,Ryan,Bailey,M,41,32,USA,Seasonal,74.0
144,1255,Laura,Rodriguez,F,17,34,USA,PT,37.0
145,1256,Jenny,Faulkner,F,41,39,India,PT,74.0
146,1257,Derrick,Warren,M,49,33,USA,FT,74.0
147,1258,Jeffrey,Stein,M,41,35,India,Hourly,74.0
148,1259,Robert,Smith,M,37,37,UK,Temp,57.0
149,1260,Cindy,Lee,F,29,32,Australia,FT,57.0
150,1261,Dustin,Jones,M,17,30,UAE,PT,37.0
151,1262,David,Johnson,M,41,33,USA,FT,74.0
152,1263,Jennifer,Chan,F,1,33,USA,FT,18.0
153,1264,Paul,Good,M,49,36,USA,Seasonal,74.0
154,1265,Katherine,Rodriguez,F,13,32,USA,Intern,37.0
155,1266,Andrea,Adkins,F,45,36,UK,Hourly,74.0
156,1267,Tina,Frazier,F,29,35,UAE,FT,57.0
157,1268,Reginald,Perkins,M,45,34,India,FT,74.0
158,1269,Casey,Smith,M,17,40,India,FT,37.0
159,1270,William,Jones,M,13,34,USA,FT,37.0
160,1271,Amanda,Lewis,F,21,35,UK,PT,57.0
161,1272,Julie,Morrison,F,17,32,Pakistan,PT,37.0
162,1273,Raymond,Kelly,M,49,36,USA,FT,74.0
163,1274,Benjamin,Aguirre,M,1,34,USA,Variable Hourly,18.0
164,1275,Emily,Moore,F,49,30,USA,PT,74.0
165,1276,Jonathan,Evans,M,25,39,UAE,FT,57.0
166,1277,Madeline,Diaz,F,13,33,USA,FT,37.0
167,1278,James,Gray,M,9,34,USA,PT,25.0
168,1279,Damon,Clark,M,13,30,USA,Hourly,37.0
169,1280,Bethany,Brewer,F,49,40,USA,FT,74.0
170,1281,Linda,Byrd,F,13,34,UAE,FT,37.0
171,1282,Matthew,Alexander,M,25,32,Australia,PT,57.0
172,1283,John,Taylor,M,1,40,Canada,Hourly,18.0
173,1284,Diana,Malone,F,37,36,Canada,Hourly,57.0
174,1285,Jenny,Owen,F,33,35,India,PT,57.0
175,1286,Cassandra,Smith,F,5,32,UAE,Hourly,25.0
176,1287,Vanessa,Williams,F,45,30,Australia,PT,74.0
177,1288,Nathaniel,Turner,M,1,36,UK,Intern,18.0
178,1289,Ashley,Martinez,F,9,33,India,PT,25.0
179,1290,Samuel,Morrison,M,29,36,USA,PT,57.0
180,1291,Emily,Garrison,F,13,31,USA,Variable Hourly,37.0
181,1292,Misty,Allen,F,9,39,USA,FT,25.0
182,1293,Timothy,Price,M,13,30,USA,FT,37.0
183,1294,Benjamin,Potter,M,45,31,Canada,FT,74.0
184,1295,Sean,Wheeler,M,45,32,USA,PT,74.0
185,1296,Phillip,Grant,M,17,35,UAE,PT,37.0
186,1297,Margaret,Andrews,F,37,30,India,FT,57.0
187,1298,Ernest,Francis,M,25,34,USA,Hourly,57.0
188,1299,Michelle,Sanchez,F,45,32,Canada,Seasonal,74.0
189,1300,Todd,Dorsey,M,9,30,Australia,Seasonal,25.0
190,1301,Danny,Michael,M,25,34,USA,Seasonal,57.0
191,1302,Beth,Fuller,F,37,33,USA,Variable Hourly,57.0
192,1303,Joseph,Nguyen,M,33,33,USA,FT,57.0
193,1304,Joshua,Paul,M,29,30,USA,Hourly,57.0
194,1305,Anna,Marquez,F,45,32,USA,PT,74.0
195,1306,Lindsey,Campbell,F,29,30,USA,Variable Hourly,57.0
196,1307,Wanda,Bennett,F,25,30,USA,PT,57.0
197,1308,Kristin,Weaver,F,49,35,UK,PT,74.0
198,1309,Wendy,Sanchez,F,13,34,UAE,Hourly,37.0
199,1310,Beth,Wolf,F,21,32,USA,PT,57.0
